Page,Date
289,2019-05-01
126,2019-05-01
484,2019-05-01
290,2019-05-01
436,2019-04-12
437,2019-04-12
404,2019-04-01
401,2019-04-01
409,2019-04-01
501,2019-04-01
402,2019-04-01
403,2019-04-01
494,2019-04-01
495,2019-04-01
215,2019-03-01
218,2019-03-01
213,2019-03-01
220,2019-03-01
420,2019-03-01
195,2019-03-01
421,2019-03-01
414,2019-03-01
435,2019-03-01
6,2019-03-01
411,2019-03-01
417,2019-03-01
416,2019-03-01
412,2019-03-01
489,2019-02-01
312,2019-02-01
313,2019-02-01
314,2019-02-01
481,2019-02-01
237,2019-02-01
284,2019-02-01
283,2019-02-01
287,2019-02-01
278,2019-02-01
279,2019-02-01
235,2019-02-01
455,2019-01-01
316,2019-01-01
212,2019-01-01
199,2019-01-01
168,2019-01-01
458,2019-01-01
408,2019-01-01
263,2019-01-01
264,2019-01-01
265,2019-01-01
493,2019-01-01
317,2019-01-01
457,2019-01-01
400,2019-01-01
150,2019-01-01
266,2019-01-01
577,2019-01-01
559,2019-01-01
560,2019-01-01
504,2019-01-01
562,2019-01-01
271,2019-01-01
272,2019-01-01
273,2019-01-01
274,2019-01-01
594,2019-01-01
556,2019-01-01
595,2019-01-01
598,2019-01-01
600,2019-01-01
601,2019-01-01
602,2019-01-01
603,2019-01-01
610,2019-01-01
611,2019-01-01
558,2019-01-01
561,2019-01-01
270,2019-01-01
523,2019-01-01
505,2019-01-01
268,2019-01-01
513,2019-01-01
515,2019-01-01
516,2019-01-01
517,2019-01-01
552,2019-01-01
267,2019-01-01
269,2019-01-01
539,2019-01-01
546,2019-01-01
545,2019-01-01
544,2019-01-01
542,2019-01-01
288,2018-12-13
276,2018-12-01
260,2018-12-01
291,2018-12-01
315,2018-12-01
308,2018-12-01
156,2018-12-01
336,2018-12-01
309,2018-12-01
285,2018-12-01
281,2018-12-01
277,2018-12-01
280,2018-12-01
306,2018-12-01
482,2018-12-01
480,2018-12-01
483,2018-12-01
485,2018-12-01
486,2018-12-01
487,2018-12-01
488,2018-12-01
490,2018-12-01
491,2018-12-01
576,2018-12-01
591,2018-12-01
20,2018-12-01
15,2018-12-01
502,2018-11-13
165,2018-11-01
164,2018-11-01
163,2018-11-01
162,2018-11-01
166,2018-11-01
161,2018-11-01
450,2018-09-28
428,2018-09-28
10,2018-07-19
451,2018-06-01
433,2018-06-01
292,2018-06-01
293,2018-06-01
217,2018-05-01
216,2018-05-01
335,2018-05-01
338,2018-05-01
339,2018-05-01
342,2018-05-01
345,2018-05-01
348,2018-05-01
349,2018-05-01
337,2018-05-01
310,2018-04-01
311,2018-04-01
174,2018-03-01
184,2018-03-01
340,2018-03-01
347,2018-03-01
16,2018-03-01
149,2018-02-01
148,2018-02-01
275,2018-02-01
261,2018-02-01
452,2018-01-19
578,2018-01-19
133,2018-01-06
4,2018-01-06
134,2018-01-06
262,2018-01-01
445,2018-01-01
122,2018-01-01
176,2018-01-01
175,2018-01-01
460,2018-01-01
172,2017-12-01
575,2017-12-01
282,2017-12-01
232,2017-12-01
81,2017-12-01
80,2017-12-01
231,2017-12-01
233,2017-12-01
234,2017-12-01
584,2017-12-01
307,2017-11-12
454,2017-11-01
305,2017-11-01
304,2017-11-01
453,2017-11-01
303,2017-11-01
302,2017-11-01
301,2017-11-01
300,2017-11-01
297,2017-11-01
299,2017-11-01
286,2017-11-01
298,2017-11-01
296,2017-11-01
295,2017-11-01
294,2017-11-01
12,2017-11-01
422,2017-11-01
3,2017-05-23
568,2017-04-01
418,2017-04-01
178,2017-02-17
179,2017-02-17
465,2017-02-01
167,2017-02-01
140,2017-02-01
238,2017-02-01
64,2017-02-01
492,2017-02-01
56,2017-02-01
509,2017-02-01
471,2017-02-01
129,2017-02-01
143,2017-02-01
553,2017-02-01
446,2017-02-01
125,2017-02-01
124,2017-02-01
159,2017-02-01
158,2017-02-01
146,2017-02-01
424,2017-02-01
426,2017-02-01
138,2017-02-01
189,2017-02-01
438,2017-02-01
572,2017-02-01
93,2017-02-01
188,2017-02-01
94,2017-02-01
185,2017-02-01
183,2017-02-01
95,2017-02-01
182,2017-02-01
181,2017-02-01
65,2017-02-01
427,2017-02-01
221,2017-02-01
96,2017-02-01
573,2017-02-01
526,2017-02-01
569,2017-02-01
97,2017-02-01
463,2017-02-01
219,2017-02-01
592,2017-02-01
177,2017-02-01
131,2017-02-01
341,2016-12-22
103,2016-05-23
419,2016-05-23
100,2016-05-23
99,2016-05-23
236,2016-05-23
171,2016-04-29
170,2016-04-29
579,2016-04-29
583,2016-04-29
157,2016-04-29
449,2016-03-01
102,2015-12-27
360,2015-12-27
318,2015-12-27
362,2015-12-27
350,2015-12-27
351,2015-12-27
352,2015-12-27
353,2015-12-27
371,2015-12-27
366,2015-12-27
361,2015-12-27
319,2015-12-27
354,2015-12-27
355,2015-12-27
356,2015-12-27
357,2015-12-27
358,2015-12-27
359,2015-12-27
346,2015-12-27
344,2015-12-27
343,2015-12-27
327,2015-12-27
320,2015-12-27
321,2015-12-27
322,2015-12-27
323,2015-12-27
324,2015-12-27
325,2015-12-27
326,2015-12-27
328,2015-12-27
329,2015-12-27
330,2015-12-27
331,2015-12-27
332,2015-12-27
333,2015-12-27
334,2015-12-27
87,2015-07-01
430,2015-07-01
173,2015-06-01
2,2015-04-01
113,2015-04-01
85,2015-04-01
257,2014-08-18
256,2014-08-18
255,2014-04-01
363,2014-04-01
368,2014-04-01
618,2014-03-01
439,2014-03-01
440,2014-03-01
186,2014-03-01
441,2014-03-01
443,2014-03-01
442,2014-03-01
588,2014-03-01
444,2014-03-01
98,2014-03-01
36,2014-03-01
17,2014-03-01
201,2014-03-01
590,2014-03-01
585,2014-03-01
151,2014-03-01
586,2014-03-01
206,2014-03-01
581,2014-03-01
372,2014-03-01
425,2014-03-01
423,2014-03-01
550,2014-03-01
40,2014-03-01
396,2014-03-01
567,2014-03-01
62,2014-03-01
565,2014-03-01
202,2014-03-01
390,2014-03-01
227,2014-03-01
496,2014-03-01
258,2014-03-01
245,2014-03-01
90,2014-03-01
9,2014-03-01
497,2014-03-01
229,2014-03-01
250,2014-03-01
228,2014-03-01
470,2014-03-01
226,2014-03-01
225,2014-03-01
224,2014-03-01
223,2014-03-01
222,2014-03-01
214,2014-03-01
91,2014-03-01
615,2014-03-01
616,2014-03-01
92,2014-03-01
14,2014-03-01
448,2014-03-01
447,2014-03-01
617,2014-03-01
477,2014-03-01
476,2014-01-15
104,2014-01-15
109,2014-01-15
205,2013-04-01
537,2013-04-01
123,2013-04-01
535,2013-04-01
536,2013-04-01
198,2013-04-01
534,2013-04-01
533,2013-04-01
532,2013-04-01
531,2013-04-01
530,2013-04-01
529,2013-04-01
190,2013-04-01
196,2013-04-01
197,2013-04-01
508,2013-02-24
204,2013-02-24
549,2013-02-24
203,2013-02-24
606,2013-02-24
464,2012-08-20
61,2012-06-22
169,2012-06-22
571,2012-06-01
570,2012-06-01
557,2012-06-01
207,2012-05-01
37,2012-02-20
511,2012-02-20
593,2012-02-20
609,2012-02-20
527,2012-02-20
596,2012-02-20
528,2012-02-20
589,2012-02-20
587,2012-02-20
510,2012-02-20
582,2012-02-20
580,2012-02-20
512,2012-02-20
597,2012-02-20
514,2012-02-20
5,2012-02-20
599,2012-02-20
604,2012-02-20
525,2012-02-20
524,2012-02-20
608,2012-02-20
605,2012-02-20
522,2012-02-20
521,2012-02-20
520,2012-02-20
519,2012-02-20
607,2012-02-20
507,2012-02-20
612,2012-02-20
500,2012-02-20
563,2012-02-20
564,2012-02-20
566,2012-02-20
555,2012-02-20
614,2012-02-20
554,2012-02-20
613,2012-02-20
498,2012-02-20
551,2012-02-20
548,2012-02-20
547,2012-02-20
499,2012-02-20
540,2012-02-20
541,2012-02-20
506,2012-02-20
574,2012-02-20
538,2012-02-20
518,2012-02-20
503,2012-02-20
543,2012-02-20
51,2011-11-01
50,2011-11-01
52,2011-11-01
55,2011-11-01
54,2011-11-01
59,2011-11-01
60,2011-11-01
53,2011-11-01
57,2011-11-01
8,2011-11-01
58,2011-11-01
34,2011-11-01
49,2011-11-01
29,2011-11-01
38,2011-11-01
39,2011-11-01
33,2011-11-01
32,2011-11-01
41,2011-11-01
42,2011-11-01
43,2011-11-01
31,2011-11-01
44,2011-11-01
45,2011-11-01
46,2011-11-01
30,2011-11-01
28,2011-11-01
48,2011-11-01
27,2011-11-01
26,2011-11-01
25,2011-11-01
24,2011-11-01
23,2011-11-01
22,2011-11-01
21,2011-11-01
19,2011-11-01
35,2011-11-01
47,2011-11-01
13,2011-11-01
11,2011-11-01
18,2011-11-01
259,2011-11-01
63,2011-11-01
377,2011-11-01
145,2011-11-01
144,2011-11-01
364,2011-11-01
365,2011-11-01
142,2011-11-01
367,2011-11-01
369,2011-11-01
370,2011-11-01
141,2011-11-01
373,2011-11-01
374,2011-11-01
375,2011-11-01
376,2011-11-01
378,2011-11-01
152,2011-11-01
379,2011-11-01
380,2011-11-01
381,2011-11-01
382,2011-11-01
383,2011-11-01
384,2011-11-01
385,2011-11-01
386,2011-11-01
387,2011-11-01
388,2011-11-01
389,2011-11-01
391,2011-11-01
392,2011-11-01
147,2011-11-01
153,2011-11-01
66,2011-11-01
239,2011-11-01
254,2011-11-01
253,2011-11-01
252,2011-11-01
251,2011-11-01
249,2011-11-01
248,2011-11-01
247,2011-11-01
246,2011-11-01
244,2011-11-01
243,2011-11-01
242,2011-11-01
241,2011-11-01
240,2011-11-01
230,2011-11-01
154,2011-11-01
211,2011-11-01
210,2011-11-01
209,2011-11-01
208,2011-11-01
200,2011-11-01
194,2011-11-01
193,2011-11-01
192,2011-11-01
191,2011-11-01
187,2011-11-01
180,2011-11-01
160,2011-11-01
155,2011-11-01
393,2011-11-01
394,2011-11-01
395,2011-11-01
473,2011-11-01
84,2011-11-01
83,2011-11-01
459,2011-11-01
82,2011-11-01
461,2011-11-01
462,2011-11-01
78,2011-11-01
466,2011-11-01
467,2011-11-01
468,2011-11-01
469,2011-11-01
77,2011-11-01
472,2011-11-01
474,2011-11-01
397,2011-11-01
475,2011-11-01
478,2011-11-01
479,2011-11-01
76,2011-11-01
75,2011-11-01
74,2011-11-01
73,2011-11-01
72,2011-11-01
71,2011-11-01
70,2011-11-01
69,2011-11-01
68,2011-11-01
67,2011-11-01
86,2011-11-01
88,2011-11-01
89,2011-11-01
101,2011-11-01
398,2011-11-01
139,2011-11-01
137,2011-11-01
136,2011-11-01
135,2011-11-01
132,2011-11-01
130,2011-11-01
128,2011-11-01
127,2011-11-01
121,2011-11-01
120,2011-11-01
119,2011-11-01
118,2011-11-01
117,2011-11-01
116,2011-11-01
115,2011-11-01
114,2011-11-01
112,2011-11-01
111,2011-11-01
110,2011-11-01
431,2011-11-01
432,2011-11-01
108,2011-11-01
434,2011-11-01
107,2011-11-01
106,2011-11-01
105,2011-11-01
79,2011-11-01
